{"cameraMode":{"drawMode":0,"name":"Shaded","section":"Shading Mode"},"sceneLighting":true,"audioPlay":false,"sceneViewState":{"showFog":true,"showMaterialUpdate":true,"showSkybox":true,"showFlares":true,"showImageEffects":true,"showParticleSystems":true},"in2DMode":false,"pivot":{"x":-3.2783665657043459,"y":1.5927609205245972,"z":-15.751380920410157},"rotation":{"x":-0.258658230304718,"y":0.004562079440802336,"z":-0.0014549372717738152,"w":-0.9661100506782532},"size":0.16968750953674317,"orthographic":false}